Workbook

Sheet Sheet1
A1: CP功能设置说明
A3: 萝卜设置 | B3: 参数名称 | C3: 中文描述 | D3: 备注说明 | E3: 设备说明 | F3: 最小值 | G3: 最大值 | H3: 步长 | I3: 范大 數值
A4: 开始菜单 | B4: HyundaiCameraSCC | C4: 现代：摄像头 SCC (0) | D4: 1: 连接 SCC 的 CAN 线到摄像头，2: 同步定速状态，3: 原厂长控，不是用摄像头实现 SCC 的均设置为 0 | E4: （本页菜单不要调整，对本车型请保持默认设置，不要进行修改） | F4: 0 | G4: 3 | H4: 1 | I4: =VLOOKUP(B4,'CP設定檔(2023 IONIQ5)_backup'!A:B,2,FALSE) -> 2
B5: CanfdHDA2 | C5: CANFD: HDA2 模式 | D5: 1:HDA2, 2:HDA2 + 盲点监测，一般非 CanFD 车型设置为 0 | F5: 0 | G5: 2 | H5: 1 | I5: =VLOOKUP(B5,'CP設定檔(2023 IONIQ5)_backup'!A:B,2,FALSE) -> 2
B6: EnableRadarTracks | C6: 启用雷达追踪 (1) | D6: 1: 启用雷达追踪，-1,2: 禁用 (始终使用 HKG SCC 雷达)，胜达设置为 1, 改变值后需要重启车辆 | F6: -1 | G6: 3 | H6: 1 | I6: =VLOOKUP(B6,'CP設定檔(2023 IONIQ5)_backup'!A:B,2,FALSE) -> 1
B7: EnableEscc | C7: 启用 ESCC (1) | D7: 1: 启用 ESCC, 0: 禁用，改变值后需要重启车辆 | F7: 0 | G7: 1 | H7: 1 | I7: =VLOOKUP(B7,'CP設定檔(2023 IONIQ5)_backup'!A:B,2,FALSE) -> #N/A
B8: AutoCruiseControl | C8: 自动巡航控制 (0) | D8: 自动巡航总开关，0 - 关，>1 开，>1 softmode1 否则 softmode2 | F8: 0 | G8: 3 | H8: 1 | I8: =VLOOKUP(B8,'CP設定檔(2023 IONIQ5)_backup'!A:B,2,FALSE) -> 0
B9: CruiseOnDist | C9: 定速：自动开启距离 (0cm) | D9: 当油门 / 刹车未踩下时，前车靠近自动开启定速 | F9: 0 | G9: 2500 | H9: 50 | I9: =VLOOKUP(B9,'CP設定檔(2023 IONIQ5)_backup'!A:B,2,FALSE) -> 400
B10: AutoEngage | C10: 车辆启动时自动开启的功能 | D10: 1: 车道保持启用，2: 车道保持 + 定速启用 | F10: 0 | G10: 2 | H10: 1 | I10: =VLOOKUP(B10,'CP設定檔(2023 IONIQ5)_backup'!A:B,2,FALSE) -> 1
B11: AutoGasTokSpeed | C11: 轻踩油门开启巡航的速度 | D11: 当车速大于此速度时，轻点油门巡航速度加 10，也可自动开启巡航，前提是 ' 自动巡航控制 ' 必须要打开 | F11: 0 | G11: 200 | H11: 5 | I11: =VLOOKUP(B11,'CP設定檔(2023 IONIQ5)_backup'!A:B,2,FALSE) -> 80
B12: SpeedFromPCM | C12: 从 PCM 读取定速速度 (2) | D12: 丰田必须设为 1, 本田设为 3，默认为 2 | F12: 0 | G12: 3 | H12: 1 | I12: =VLOOKUP(B12,'CP設定檔(2023 IONIQ5)_backup'!A:B,2,FALSE) -> 0
B13: SoundVolumeAdjust | C13: 提示音音量 (100%) | D13: - | F13: 5 | G13: 200 | H13: 5 | I13: =VLOOKUP(B13,'CP設定檔(2023 IONIQ5)_backup'!A:B,2,FALSE) -> 80
B14: SoundVolumeAdjustEngage | C14: 接管提示音音量 (100%) | D14: - | F14: 5 | G14: 200 | H14: 5 | I14: =VLOOKUP(B14,'CP設定檔(2023 IONIQ5)_backup'!A:B,2,FALSE) -> 100
B15: MaxTimeOffroadMin | C15: 熄屏时间 (分钟) | D15: - | F15: 1 | G15: 600 | H15: 10 | I15: =VLOOKUP(B15,'CP設定檔(2023 IONIQ5)_backup'!A:B,2,FALSE) -> 60
B16: EnableConnect | C16: 启用远程连接 | D16: 您的设备可能会被 Comma 封禁 | F16: 0 | G16: 2 | H16: 1 | I16: =VLOOKUP(B16,'CP設定檔(2023 IONIQ5)_backup'!A:B,2,FALSE) -> 0
... B27: IsLdwsCar | C27: 是否 LDWS 车型 | D27: - | F27: 0 | G27: 1 | H27: 1 | I27: =VLOOKUP(B27,'CP設定檔(2023 IONIQ5)_backup'!A:B,2,FALSE) -> 1
A28: 巡航菜单 | B28: TFollowGap1 | C28: 跟车时间 GAP1 (110) x0.01s | D28: fast模式跟车时距 | E28: 时距的简单理解就是多少秒后到达前方位置，配合驾驶模式使用 | F28: 70 | G28: 300 | H28: 5 | I28: =VLOOKUP(B28,'CP設定檔(2023 IONIQ5)_backup'!A:B,2,FALSE) -> 75
B29: TFollowGap2 | C29: 跟车时间 GAP2 (120) x0.01s | D29: norm模式跟车时距 | F29: 70 | G29: 300 | H29: 5 | I29: =VLOOKUP(B29,'CP設定檔(2023 IONIQ5)_backup'!A:B,2,FALSE) -> 85
B30: TFollowGap3 | C30: 跟车时间 GAP3 (160) x0.01s | D30: safe模式跟车时距 | F30: 70 | G30: 300 | H30: 5 | I30: =VLOOKUP(B30,'CP設定檔(2023 IONIQ5)_backup'!A:B,2,FALSE) -> 100
B31: TFollowGap4 | C31: 跟车时间 GAP4 (180) x0.01s | D31: eco模式跟车时距 | F31: 70 | G31: 300 | H31: 5 | I31: =VLOOKUP(B31,'CP設定檔(2023 IONIQ5)_backup'!A:B,2,FALSE) -> 120
B32: DynamicTFollow | C32: 动态跟车 GAP 控制 | D32: - | E32: 这个跟车不稳定，设置0 | F32: 0 | G32: 100 | H32: 5 | I32: =VLOOKUP(B32,'CP設定檔(2023 IONIQ5)_backup'!A:B,2,FALSE) -> 50
B33: DynamicTFollowLC | C33: 动态跟车 GAP 控制 (变道) | D33: - | E33: 变道时的前车临时时距 | F33: 0 | G33: 100 | H33: 5 | I33: =VLOOKUP(B33,'CP設定檔(2023 IONIQ5)_backup'!A:B,2,FALSE) -> 100
B34: MyDrivingMode | C34: 驾驶模式选择 | D34: 1: eco，2:safe，3: norm，4: fast | E34: 使用场景建议 Eco: 城市驾驶、注重燃油经济性、长途巡航、跟车稳定缓慢 Safe: 复杂交通、恶劣天气、新驾驶员、跟车稳定缓慢 Normal: 日常高速驾驶、平衡需求、跟车距离略近 fast: 空旷道路、经验丰富的驾驶员、运动驾驶、这个模式不识别红绿灯、自己知道在干什么 | F34: 1 | G34: 4 | H34: 1 | I34: =VLOOKUP(B34,'CP設定檔(2023 IONIQ5)_backup'!A:B,2,FALSE) -> 3
B35: MyDrivingModeAuto | C35: 驾驶模式自动 | D35: 0: 关闭，1: 开启 (仅普通模式) | E35: 自动模式检测仅在 Safe 和 Normal 之间切换，不会自动切换到 Eco 或 High 模式。状态切换规则 进入 Safe 模式（拥堵判定） 前车距离 ≤ 12m 且前车速度 ≤ 2 km/h 返回 Normal 模式（畅通判定） 满足以下任一条件： 前车加速度 > 1.5 m/s² 本车速度 > 35 km/h 前车距离 ≥ 200m | F35: 0 | G35: 1 | H35: 1 | I35: =VLOOKUP(B35,'CP設定檔(2023 IONIQ5)_backup'!A:B,2,FALSE) -> 1
B36: TrafficLightDetectMode | C36: 红绿灯检测模式 | D36: 0: 无，1: 仅停止，2: 停走模式 | F36: 0 | G36: 2 | H36: 1 | I36: =VLOOKUP(B36,'CP設定檔(2023 IONIQ5)_backup'!A:B,2,FALSE) -> 2
A37: 导航菜单 | B37: RoadType | C37: 手动设置道路类型 (-1) | D37: -2: 从导航获取 (>=85 快速路，>=100 高速，公路类型由导航决定),-1: 自动 (<85km/h 公路，>=85 快速路，>=100 高速)，0: 高速 (无应急车道) 1: 高速 (有应急车道), >=2: 其它道路 | E37: 根据车速、限速来分辨当前什么路 | F37: -10 | G37: 100 | H37: 1 | I37: =VLOOKUP(B37,'CP設定檔(2023 IONIQ5)_backup'!A:B,2,FALSE) -> #N/A
B38: SameSpiCamFilter | C38: 过滤相同测速数据 (1) | D38: 0: 关闭，1: 打开 | E38: 不相干的菜单 | F38: 0 | G38: 1 | H38: 1 | I38: =VLOOKUP(B38,'CP設定檔(2023 IONIQ5)_backup'!A:B,2,FALSE) -> #N/A
B39: StockBlinkerCtrl | C39: 外接控制原车转向拔杆 (0) | D39: 0: 关闭，1: 打开 | F39: 0 | G39: 1 | H39: 1 | I39: =VLOOKUP(B39,'CP設定檔(2023 IONIQ5)_backup'!A:B,2,FALSE) -> #N/A
B40: ExtBlinkerCtrlTest | C40: 外接控制器自检 (1) | D40: 0: 关闭，1: 打开 | F40: 0 | G40: 1 | H40: 1 | I40: =VLOOKUP(B40,'CP設定檔(2023 IONIQ5)_backup'!A:B,2,FALSE) -> #N/A
B41: BlinkerMode | C41: 手动打灯控制模式 (0) | D41: 0: 自动，1: 仅变道 | F41: 0 | G41: 1 | H41: 1 | I41: =VLOOKUP(B41,'CP設定檔(2023 IONIQ5)_backup'!A:B,2,FALSE) -> #N/A
B42: LaneStabTime | C42: 车道数稳定时间 (10x0.1s) | D42: 当检测车道数稳定时间超过设定值后，则认为已经稳定，单位为 0.1 秒 | E42: 系统检测车道时超过设定值x0.1秒时认定车道稳定 | F42: 5 | G42: 100 | H42: 1 | I42: =VLOOKUP(B42,'CP設定檔(2023 IONIQ5)_backup'!A:B,2,FALSE) -> #N/A
B43: BsdDelayTime | C43: 后盲区有车延时 (20x0.1s) | D43: 当后盲区有车信号消失后，经过延时的秒数后允许变道 | E43: 时间为设定值x0.1秒 | F43: 0 | G43: 100 | H43: 1 | I43: =VLOOKUP(B43,'CP設定檔(2023 IONIQ5)_backup'!A:B,2,FALSE) -> #N/A
B44: SideBsdDelayTime | C44: 侧前方有车延时 (20x0.1s) | D44: 当侧前方有车信号消失后，经过延时的秒数后允许变道 | E44: 时间为设定值x0.1秒 | F44: 0 | G44: 100 | H44: 1 | I44: =VLOOKUP(B44,'CP設定檔(2023 IONIQ5)_backup'!A:B,2,FALSE) -> #N/A
B45: SideRelDistTime | C45: 侧前方有车变道相对距离 | D45: 当与侧前方车辆相对距离小于本车速度 x 时间时不允许变道，单位 0.1 秒 | E45: 理解为越小越容易变道 | F45: 0 | G45: 50 | H45: 1 | I45: =VLOOKUP(B45,'CP設定檔(2023 IONIQ5)_backup'!A:B,2,FALSE) -> #N/A
B46: SidevRelDistTime | C46: 侧前方有车变道等效距离 | D46: 侧前方车辆速度 x3 + 相对距离小于本车速度 x (时间 + 3) 时，不允许变道，单位 0.1 秒 | E46: 理解为越小越容易变道 | F46: 0 | G46: 50 | H46: 1 | I46: =VLOOKUP(B46,'CP設定檔(2023 IONIQ5)_backup'!A:B,2,FALSE) -> #N/A
B47: SideRadarMinDist | C47: 侧面最小雷达距离 (0m) | D47: 在左右两侧的车道上，忽略小于此雷达探测距离的车辆，单位为 0.1m | E47: 侧面设置无效 | F47: -50 | G47: 100 | H47: 1 | I47: =VLOOKUP(B47,'CP設定檔(2023 IONIQ5)_backup'!A:B,2,FALSE) -> #N/A
B48: AutoForkDistOffsetH | C48: H 提前靠边行驶距离 (1000m) | D48: 在距离匝道口多少米时开始变道到最侧面车道，设置为 0 则不提前变道 | E48: 高速道路相关设置 | F48: 0 | G48: 2000 | H48: 5 | I48: =VLOOKUP(B48,'CP設定檔(2023 IONIQ5)_backup'!A:B,2,FALSE) -> #N/A
B49: AutoEnTurnNewLaneTimeH | C49: H 继续变道新车道时间 (0s) | D49: 车辆已在最侧边车道，若新车道出现的时间超过设置值后允许再次变道，推荐值 20 秒，0 关闭 | E49: 高速道路相关设置 | F49: 0 | G49: 120 | H49: 1 | I49: =VLOOKUP(B49,'CP設定檔(2023 IONIQ5)_backup'!A:B,2,FALSE) -> #N/A
B50: AutoDoForkDecalDistH | C50: H 进匝道减速距离偏移 (50m) | D50: 在距离匝道口多少米时开始减速，软件根据速度计算的距离加上此偏移为实际距离 | E50: 高速道路相关设置 | F50: 0 | G50: 500 | H50: 5 | I50: =VLOOKUP(B50,'CP設定檔(2023 IONIQ5)_backup'!A:B,2,FALSE) -> #N/A
B51: AutoDoForkBlinkerDistH | C51: H 进匝道打灯距离偏移 (30m) | D51: 在距离匝道口多少米时开始打转身灯准备变道，但不是一定会立即变道，还需要等匝道出现的条件成立，软件根据速度计算的距离加上此偏移为实际距离 | E51: 高速道路相关设置 | F51: 0 | G51: 200 | H51: 2 | I51: =VLOOKUP(B51,'CP設定檔(2023 IONIQ5)_backup'!A:B,2,FALSE) -> #N/A
B52: AutoDoForkNavDistH | C52: H 进匝道转向距离 (50m) | D52: 在距离导航匝道口小于多少米时开始变道进入匝道，此距离为绝对距离，0 - 不生效 | E52: 高速道路相关设置 | F52: 0 | G52: 200 | H52: 1 | I52: =VLOOKUP(B52,'CP設定檔(2023 IONIQ5)_backup'!A:B,2,FALSE) -> #N/A
B53: AutoForkDecalRateH | C53: H 进匝道前降速比率 (80%) | D53: 在进匝道口把车速降至道路限速的比率，0 表示关闭此功能 | E53: 高速道路相关设置 | F53: 0 | G53: 100 | H53: 5 | I53: =VLOOKUP(B53,'CP設定檔(2023 IONIQ5)_backup'!A:B,2,FALSE) -> #N/A
... B64: NewLaneWidthDiff | C64: ATC 新车道出现标准 (0.8m) | D64: 当侧面的车道在 1 秒内的宽度增加这个宽度时，则认为有新车道出现，推荐设置 0.8m，1 代表 0.1m | E64: 开启导航后的一些设置项目 | F64: 2 | G64: 10 | H64: 1 | I64: =VLOOKUP(B64,'CP設定檔(2023 IONIQ5)_backup'!A:B,2,FALSE) -> #N/A
B65: AutoTurnDistOffset | C65: ATC 自动转弯距离偏移 (0m) | D65: 提前自动转弯的距离，一般为 0，仅针对转弯类型 (非变道) | F65: -100 | G65: 200 | H65: 1 | I65: =VLOOKUP(B65,'CP設定檔(2023 IONIQ5)_backup'!A:B,2,FALSE) -> #N/A
B66: AutoTurnInNotRoadEdge | C66: ATC 非侧边车道允许变道 (0) | D66: 0 - 不允许在非侧边车道自动变道，1 - 允许 | F66: 0 | G66: 1 | H66: 1 | I66: =VLOOKUP(B66,'CP設定檔(2023 IONIQ5)_backup'!A:B,2,FALSE) -> #N/A
B67: ContinuousLaneChange | C67: ATC 允许连续变道 (0) | D67: 0 - 关闭，1 - 允许连续变多条车道 | F67: 0 | G67: 1 | H67: 1 | I67: =VLOOKUP(B67,'CP設定檔(2023 IONIQ5)_backup'!A:B,2,FALSE) -> #N/A
B68: ContinuousLaneChangeCnt | C68: ATC 允许连续变道次数 (x+1) | D68: 允许连续变道的次数 = x+1 次 | F68: 0 | G68: 4 | H68: 1 | I68: =VLOOKUP(B68,'CP設定檔(2023 IONIQ5)_backup'!A:B,2,FALSE) -> #N/A
B69: ContinuousLaneChangeInterval | C69: ATC 连续变道间隔 (2 秒) | D69: 变道后允许再次变道的时间间隔 (秒) | F69: 0 | G69: 30 | H69: 1 | I69: =VLOOKUP(B69,'CP設定檔(2023 IONIQ5)_backup'!A:B,2,FALSE) -> #N/A
B70: AutoTurnLeft | C70: ATC 允许自动左变道 (0) | D70: 0 - 需要驾驶员打左转向灯变道，1 - 允许自动左变道 | F70: 0 | G70: 1 | H70: 1 | I70: =VLOOKUP(B70,'CP設定檔(2023 IONIQ5)_backup'!A:B,2,FALSE) -> #N/A
B71: AutoUpRoadLimit | C71: 提高 60 以下的公路限速 (0) | D71: 0 - 关闭，1 - 当普通公路限速低于 60km/h 时，会把道路限速加上提速偏移值 | E71: 主要是允许超过导航给出的限速来行驶 | F71: 0 | G71: 1 | H71: 1 | I71: =VLOOKUP(B71,'CP設定檔(2023 IONIQ5)_backup'!A:B,2,FALSE) -> #N/A
B72: AutoUpRoadLimit40KMH | C72: 40 以下公路提速 (15km/h) | D72: 允许提高限速时，会把道路限速加上此提速偏移值 | F72: 0 | G72: 50 | H72: 1 | I72: =VLOOKUP(B72,'CP設定檔(2023 IONIQ5)_backup'!A:B,2,FALSE) -> #N/A
B73: AutoUpHighwayRoadLimit | C73: 提高 60 以下的高速限速 (0) | D73: 0 - 关闭，1 - 当高速公路限速低于 60km/h 时，会把道路限速加上提速偏移值 | F73: 0 | G73: 1 | H73: 1 | I73: =VLOOKUP(B73,'CP設定檔(2023 IONIQ5)_backup'!A:B,2,FALSE) -> #N/A
B74: AutoUpHighwayRoadLimit40KMH | C74: 40 以下高速提速 (20km/h) | D74: 允许提高限速时，会把道路限速加上此提速偏移值 | F74: 0 | G74: 50 | H74: 1 | I74: =VLOOKUP(B74,'CP設定檔(2023 IONIQ5)_backup'!A:B,2,FALSE) -> #N/A
A75: 速度菜单 | B75: AutoCurveSpeedLowerLimit | C75: 弯道：转弯最低降速限制 (30) | D75: 用于限制视觉转弯降速和地图转弯降速的最小速度 | E75: 我目前配置的最低是15，不要去修改它 | F75: 30 | G75: 200 | H75: 5 | I75: =VLOOKUP(B75,'CP設定檔(2023 IONIQ5)_backup'!A:B,2,FALSE) -> 35
B76: AutoCurveSpeedFactor | C76: 弯道：降速弯道曲率系数 (100%) | D76: 模型预测横摆角速度 * 此系数，系数越大降速越多 | E76: 调大减速越早，调小减速越晚 | F76: 50 | G76: 300 | H76: 1 | I76: =VLOOKUP(B76,'CP設定檔(2023 IONIQ5)_backup'!A:B,2,FALSE) -> 85
B77: AutoCurveSpeedAggressiveness | C77: 弯道：降速横向加速度系数 (100%) | D77: 目标横向加速度 * 此系数，系数越小降速越多 | E77: 调小减速越猛，调大减速越宽松 | F77: 50 | G77: 300 | H77: 1 | I77: =VLOOKUP(B77,'CP設定檔(2023 IONIQ5)_backup'!A:B,2,FALSE) -> 100
B78: AutoCurveSpeedFactorH | C78: 高速：降速弯道曲率系数 (100%) | D78: 模型预测横摆角速度 * 此系数，系数越大降速越多 | E78: 与上面一样，是高速道路独有的 | F78: 50 | G78: 300 | H78: 1 | I78: =VLOOKUP(B78,'CP設定檔(2023 IONIQ5)_backup'!A:B,2,FALSE) -> #N/A
B79: AutoCurveSpeedAggressivenessH | C79: 高速：降速横向加速度系数 (100%) | D79: 目标横向加速度 * 此系数，系数越小降速越多 | F79: 50 | G79: 300 | H79: 1 | I79: =VLOOKUP(B79,'CP設定檔(2023 IONIQ5)_backup'!A:B,2,FALSE) -> #N/A
B80: AutoRoadSpeedLimitOffset | C80: 道路限速偏移 (-1) | D80: -1: 不启用 (如果不想道路限速生效，设置为 - 1), 其他值：限速 = 道路限速 + 此偏移值 | E80: 这个不启用即可，意义不大 | F80: -1 | G80: 100 | H80: 1 | I80: =VLOOKUP(B80,'CP設定檔(2023 IONIQ5)_backup'!A:B,2,FALSE) -> -1
B81: AutoRoadSpeedAdjust | C81: 自动调整道路限速 (50%) | D81: 当道路限速发生变化时，按此比例平滑调整到新限速，<0 时，则用限速 * 测速点安全系数或限速 + 偏移 | F81: -1 | G81: 100 | H81: 5 | I81: =VLOOKUP(B81,'CP設定檔(2023 IONIQ5)_backup'!A:B,2,FALSE) -> 50
B82: AutoNaviSpeedCtrlEnd | C82: 测速点减速结束点 (6 秒) | D82: 设置减速完成点，数值越大减速越提前完成 | E82: 据测速点的提前减速时间 | F82: 3 | G82: 20 | H82: 1 | I82: =VLOOKUP(B82,'CP設定檔(2023 IONIQ5)_backup'!A:B,2,FALSE) -> 7
B83: AutoNaviSpeedCtrlMode | C83: 导航限速控制模式 (3) | D83: 0: 关闭，1: 测速摄像头，2:+ 减速带，3:+ 移动测速 | E83: 0就是关闭导航限速，用3基本上就是根据导航限速跑了 | F83: 0 | G83: 3 | H83: 1 | I83: =VLOOKUP(B83,'CP設定檔(2023 IONIQ5)_backup'!A:B,2,FALSE) -> 3
B84: AutoNaviSpeedDecelRate | C84: 测速点减速率 x0.01m/s²(80) | D84: 数值越小，越早开始减速 | E84: 导航限速触发后减速系数，越小越积极减速 | F84: 10 | G84: 200 | H84: 10 | I84: =VLOOKUP(B84,'CP設定檔(2023 IONIQ5)_backup'!A:B,2,FALSE) -> 120
B85: AutoNaviSpeedSafetyFactor | C85: 测速点安全系数 (105%) | D85: (1) 测速摄像头限速值的比例系数，限速 = 摄像头限速值 * 比例，(2) 在特定条件下也作用于道路限速的计算，在 Auto speed up 中使用 | E85: 限速x105%，一般不用动，默认就好 | F85: 80 | G85: 120 | H85: 1 | I85: =VLOOKUP(B85,'CP設定檔(2023 IONIQ5)_backup'!A:B,2,FALSE) -> 105
B86: AutoNaviSpeedBumpTime | C86: 减速带时间距离 (1 秒) | D86: - | E86: 高德中没有相关数据，先不管吧 | F86: 1 | G86: 50 | H86: 1 | I86: =VLOOKUP(B86,'CP設定檔(2023 IONIQ5)_backup'!A:B,2,FALSE) -> 1
B87: AutoNaviSpeedBumpSpeed | C87: 减速带通过速度 (35Km/h) | D87: - | F87: 10 | G87: 100 | H87: 5 | I87: =VLOOKUP(B87,'CP設定檔(2023 IONIQ5)_backup'!A:B,2,FALSE) -> 35
B88: AutoNaviCountDownMode | C88: 导航倒计时模式 (0) | D88: 0: 关闭，1: 转向 + 摄像头，2: 转向 + 摄像头 + 减速带 | E88: 没发现什么实际意义 | F88: 0 | G88: 2 | H88: 1 | I88: =VLOOKUP(B88,'CP設定檔(2023 IONIQ5)_backup'!A:B,2,FALSE) -> 2
B89: TurnSpeedControlMode | C89: 转弯速度控制模式 (1) | D89: 0: 关闭，1: 视觉，2: 视觉 + 路线，3: 路线 | E89: 1纯视觉就够用了 | F89: 0 | G89: 3 | H89: 1 | I89: =VLOOKUP(B89,'CP設定檔(2023 IONIQ5)_backup'!A:B,2,FALSE) -> 2
B90: MapTurnSpeedFactor | C90: 地图转弯速度系数 (100%) | D90: 在使用地图转弯速度时，实际转弯速度 = 地图速度 * x%，在转弯速度控制模式为 2 或 3 时生效 | E90: 上面为23时，地图速度会×这个系数计算，高德没有这个数据，不管 | F90: 50 | G90: 300 | H90: 5 | I90: =VLOOKUP(B90,'CP設定檔(2023 IONIQ5)_backup'!A:B,2,FALSE) -> 100
B91: AutoTurnControl | C91: ATC: 自动转弯控制 (0) | D91: 0: 无，1: 变道，2: 变道 + 减速，3: 减速 | E91: 导航时的控制情况，2就是控制变道和减速 | F91: 0 | G91: 3 | H91: 1 | I91: =VLOOKUP(B91,'CP設定檔(2023 IONIQ5)_backup'!A:B,2,FALSE) -> 2
B92: AutoTurnControlSpeedTurn | C92: ATC: 转弯速度 (20) | D92: 0: 无，转弯速度 | E92: 开了导航后转弯最低限速为20 | F92: 0 | G92: 100 | H92: 5 | I92: =VLOOKUP(B92,'CP設定檔(2023 IONIQ5)_backup'!A:B,2,FALSE) -> 30
B93: AutoTurnControlTurnEnd | C93: ATC: 转弯结束时间 (6) | D93: 距离 = 速度 * 时间 | E93: 用于计算在转向或分叉路口需要提前多少距离开始减速，这里的速度单位为米/秒 | F93: 0 | G93: 30 | H93: 1 | I93: =VLOOKUP(B93,'CP設定檔(2023 IONIQ5)_backup'!A:B,2,FALSE) -> 4
B94: AutoTurnMapChange | C94: ATC 自动地图切换 (0) | D94: - | E94: 没有用mapbox，暂时不开启这个 | F94: 0 | G94: 1 | H94: 1 | I94: =VLOOKUP(B94,'CP設定檔(2023 IONIQ5)_backup'!A:B,2,FALSE) -> 0
A95: 调节菜单 | B95: UseLaneLineSpeed | C95: 车道线模式速度 (0) | D95: 车道线模式，使用 lat_mpc 控制 | E95: lanemode，启动时屏幕下方有显示，区别于laneless模式，这里设置的时最小启动车速 | F95: 0 | G95: 200 | H95: 5 | I95: =VLOOKUP(B95,'CP設定檔(2023 IONIQ5)_backup'!A:B,2,FALSE) -> 30
B96: UseLaneLineCurveSpeed | C96: 车道线模式弯道速度 (0) | D96: 车道线模式，仅在高速时生效 | E96: 表示启用该功能的最小速度阈值（受限制于上面的参数）开启后车道线模式会有一套独立的弯道减速和vtsc无关 | F96: 0 | G96: 200 | H96: 5 | I96: =VLOOKUP(B96,'CP設定檔(2023 IONIQ5)_backup'!A:B,2,FALSE) -> 30
B97: AdjustLaneOffset | C97: 车道偏移调整 (0) cm | D97: - | E97: 正值：偏向左侧车道边界 负值：偏向右侧车道边界 | F97: 0 | G97: 500 | H97: 5 | I97: =VLOOKUP(B97,'CP設定檔(2023 IONIQ5)_backup'!A:B,2,FALSE) -> 0
B98: AdjustCurveOffset | C98: 弯道偏移调整 (0) cm | D98: - | E98: 正值：向弯道内侧偏移（内切，减少离心力） 负值：向弯道外侧偏移（外扩，增加安全距离） | F98: -500 | G98: 500 | H98: 5 | I98: =VLOOKUP(B98,'CP設定檔(2023 IONIQ5)_backup'!A:B,2,FALSE) -> #N/A
B99: LaneChangeNeedTorque | C99: 轻推方向变道 | D99: -1: 禁用变道，0: 无需轻推方向，1: 需要轻推方向变道 | E99: 指变道时需要动一下方向盘确认 | F99: -1 | G99: 1 | H99: 1 | I99: =VLOOKUP(B99,'CP設定檔(2023 IONIQ5)_backup'!A:B,2,FALSE) -> 0
B100: AutoLaneChangeMinSpeed | C100: 打灯变道最低速度 | D100: 低于这个速度打灯不自动变道 | E100: 低于多少速度打灯不自动变道 | F100: -1 | G100: 100 | H100: 5 | I100: =VLOOKUP(B100,'CP設定檔(2023 IONIQ5)_backup'!A:B,2,FALSE) -> #N/A
B101: LaneChangeDelay | C101: 变道延迟 | D101: 单位 x0.1 秒 | E101: 打灯多久后进行变道，设定值x0.1秒 | F101: 0 | G101: 100 | H101: 5 | I101: =VLOOKUP(B101,'CP設定檔(2023 IONIQ5)_backup'!A:B,2,FALSE) -> 4
B102: LaneChangeBsd | C102: 变道盲区 BSD 设置 | D102: -1: 忽略 BSD, 0: 检测 BSD (轻推方向盘可变道), 1: 轻推方向盘不变道 | E102: 只能设0，其他的不安全啊 | F102: -1 | G102: 1 | H102: 1 | I102: =VLOOKUP(B102,'CP設定檔(2023 IONIQ5)_backup'!A:B,2,FALSE) -> 0
B103: CustomSR | C103: 横向：自定义方向盘比 x0.1 (0) | D103: CustomSR 自定义转向比，设置为 0 表示使用自学习的值。胜达建议设置 165x0.1 | E103: 15.3-16.2之间都还行 | F103: 0 | G103: 300 | H103: 1 | I103: =VLOOKUP(B103,'CP設定檔(2023 IONIQ5)_backup'!A:B,2,FALSE) -> 0
B104: SteerRatioRate | C104: 横向：转向比应用速率 x0.01 (100) | D104: SteerRatioRate 转向比应用速率，实时学习得到的 SteerRatio 会乘上这个系数作为最终的转向比 | F104: 30 | G104: 170 | H104: 1 | I104: =VLOOKUP(B104,'CP設定檔(2023 IONIQ5)_backup'!A:B,2,FALSE) -> 100
B105: PathOffset | C105: 横向：路径偏移 | D105: (-) 左偏，(+) 右偏 | E105: (-) 左偏，(+) 右偏 | F105: -150 | G105: 150 | H105: 1 | I105: =VLOOKUP(B105,'CP設定檔(2023 IONIQ5)_backup'!A:B,2,FALSE) -> -5
B106: SteerActuatorDelay | C106: 横向：转向执行器延迟 (30) | D106: SteerActuatorDelay, x0.01, 0: 使用自学习的延迟，其它值指定延迟 | E106: 40效果还行，适当还可以大点 | F106: 0 | G106: 100 | H106: 1 | I106: =VLOOKUP(B106,'CP設定檔(2023 IONIQ5)_backup'!A:B,2,FALSE) -> 0
B107: LateralTorqueCustom | C107: 横向：自定义扭矩模式 (0) | D107: LateralTorqueCustom,0 使用自学习的扭矩因子和摩擦，1 使用自定义，2 使用默认值 | E107: 角度控制车型不涉及 | F107: 0 | G107: 2 | H107: 1 | I107: =VLOOKUP(B107,'CP設定檔(2023 IONIQ5)_backup'!A:B,2,FALSE) -> 1
B108: LateralTorqueAccelFactor | C108: 横向：扭矩加速度因子 (2500) | D108: LateralTorqueAccelFactor | F108: 1000 | G108: 6000 | H108: 10 | I108: =VLOOKUP(B108,'CP設定檔(2023 IONIQ5)_backup'!A:B,2,FALSE) -> 2500
B109: LateralTorqueFriction | C109: 横向：扭矩摩擦补偿 (100) | D109: LateralTorqueFriction | F109: 0 | G109: 1000 | H109: 10 | I109: =VLOOKUP(B109,'CP設定檔(2023 IONIQ5)_backup'!A:B,2,FALSE) -> 10
B110: CustomSteerMax | C110: 横向：自定义最大转向力 (0) | D110: CustomSteerMax | F110: 0 | G110: 30000 | H110: 5 | I110: =VLOOKUP(B110,'CP設定檔(2023 IONIQ5)_backup'!A:B,2,FALSE) -> 0
B111: CustomSteerDeltaUp | C111: 横向：转向增量上升 (0) | D111: CustomSteerDeltaUp | E111: 方向盘角度增大时速率 | F111: 0 | G111: 50 | H111: 1 | I111: =VLOOKUP(B111,'CP設定檔(2023 IONIQ5)_backup'!A:B,2,FALSE) -> 5
B112: CustomSteerDeltaDown | C112: 横向：转向增量下降 (0) | D112: CustomSteerDeltaDown | E112: 反向盘回正时的速率 | F112: 0 | G112: 50 | H112: 1 | I112: =VLOOKUP(B112,'CP設定檔(2023 IONIQ5)_backup'!A:B,2,FALSE) -> 5
B113: LongTuningKpV | C113: 纵向: P 增益 (100) | D113: LongTuningKpV | E113: 不懂算法别动 | F113: 0 | G113: 150 | H113: 5 | I113: =VLOOKUP(B113,'CP設定檔(2023 IONIQ5)_backup'!A:B,2,FALSE) -> 100
B114: LongTuningKiV | C114: 纵向: I 增益 (0) | D114: LongTuningKiV | F114: 0 | G114: 2000 | H114: 5 | I114: =VLOOKUP(B114,'CP設定檔(2023 IONIQ5)_backup'!A:B,2,FALSE) -> 0
B115: LongTuningKf | C115: 纵向: FF 增益 (100) | D115: LongTuningKf | F115: 0 | G115: 200 | H115: 5 | I115: =VLOOKUP(B115,'CP設定檔(2023 IONIQ5)_backup'!A:B,2,FALSE) -> 100
B116: LongActuatorDelay | C116: 纵向：执行器延迟 (20) | D116: LongActuatorDelay | F116: 0 | G116: 200 | H116: 5 | I116: =VLOOKUP(B116,'CP設定檔(2023 IONIQ5)_backup'!A:B,2,FALSE) -> 20
B117: VEgoStopping | C117: 纵向：车辆停止速度 (50) | D117: 停止因子 VEgoStopping，单位 0.1m/s，低于此速度时判定为停车状态 | F117: 1 | G117: 100 | H117: 5 | I117: =VLOOKUP(B117,'CP設定檔(2023 IONIQ5)_backup'!A:B,2,FALSE) -> 5
B118: RadarReactionFactor | C118: 纵向：雷达反应因子 (100) | D118: RadarReactionFactor | E118: 越低数据相应越快，目前不要改 | F118: 0 | G118: 200 | H118: 10 | I118: =VLOOKUP(B118,'CP設定檔(2023 IONIQ5)_backup'!A:B,2,FALSE) -> 95
B119: StoppingAccel | C119: 纵向：停车时的减速度 x0.01 (-40) | D119: StoppingAccel | E119: 别动，危险 | F119: -100 | G119: 0 | H119: 5 | I119: =VLOOKUP(B119,'CP設定檔(2023 IONIQ5)_backup'!A:B,2,FALSE) -> 0
B120: StopDistanceCarrot | C120: 纵向：停车距离 (600) cm | D120: StopDistanceCarrot | E120: 目前融合原车停车，这个距离设置无效 | F120: 300 | G120: 1000 | H120: 10 | I120: =VLOOKUP(B120,'CP設定檔(2023 IONIQ5)_backup'!A:B,2,FALSE) -> 500
B121: JLeadFactor3 | C121: 纵向：加加速度前车因子 (0) | D121: x0.01 | E121: 未使用这个参数，好像无效 | F121: 0 | G121: 100 | H121: 5 | I121: =VLOOKUP(B121,'CP設定檔(2023 IONIQ5)_backup'!A:B,2,FALSE) -> 15
...

Sheet CP設定檔(2023 IONIQ5)_backup
A1: AChangeCostStarting | B1: 10
A2: ActivateCruiseAfterBrake | B2: 0
A3: AdjustLaneOffset | B3: 0
A4: ApplyModelSpeed | B4: 60
A5: AutoCruiseControl | B5: 0
A6: AutoCurveSpeedAggressiveness | B6: 100
A7: AutoCurveSpeedFactor | B7: 85
A8: AutoCurveSpeedLowerLimit | B8: 35
A9: AutoEngage | B9: 1
A10: AutoGasSyncSpeed | B10: 0
A11: AutoGasTokSpeed | B11: 80
A12: AutoNaviCountDownMode | B12: 2
... A31: CarrotCruiseDecel | B31: 1
A32: CarSelected3 | B32: Hyundai Ioniq 5 (Southeast Asia and Europe only) 2022-24
A33: CompletedTrainingVersion | B33: 0.2.0
A34: CruiseButtonLongDelay | B34: 40
A35: CruiseButtonMode | B35: 1
A36: CruiseButtonTest1 | B36: 8
A37: CruiseButtonTest2 | B37: 30
A38: CruiseButtonTest3 | B38: 1
A39: CruiseEcoControl | B39: 2
A40: CruiseMaxVals0 | B40: 155
A41: CruiseMaxVals1 | B41: 165
A42: CruiseMaxVals2 | B42: 140
A43: CruiseMaxVals3 | B43: 130
A44: CruiseMaxVals4 | B44: 110
A45: CruiseMaxVals5 | B45: 95
... A62: DisableMinSteerSpeed | B62: 1
A63: DisengageOnAccelerator | B63: FALSE
A64: DynamicTFollow | B64: 50
A65: DynamicTFollowLC | B65: 100
A66: EnableConnect | B66: 0
A67: EnableCornerRadar | B67: 2
A68: EnableRadarTracks | B68: 1
A69: EnableSpeedTF | B69: 20
A70: EVTable | B70: FALSE
A71: GsmMetered | B71: TRUE
A72: HapticFeedbackWhenSpeedCamera | B72: 0
A73: HardwareC3xLite | B73: 0
A74: HasAcceptedTerms | B74: 2
A75: HDPuse | B75: 0
A76: HotspotOnBoot | B76: 0
A77: HyundaiCameraSCC | B77: 2
A78: IsLdwsCar | B78: 1
A79: JLeadFactor3 | B79: 15
A80: LaneChangeBsd | B80: 0
A81: LaneChangeDelay | B81: 4
A82: LaneChangeNeedTorque | B82: 0
A83: LaneLineCheck | B83: 1
A84: LanguageSetting | B84: main_zh-CHS
A85: LateralTorqueAccelFactor | B85: 2500
A86: LateralTorqueCustom | B86: 1
A87: LateralTorqueFriction | B87: 10
A88: LateralTorqueKd | B88: 0
A89: LateralTorqueKf | B89: 85
A90: LateralTorqueKiV | B90: 20
A91: LateralTorqueKpV | B91: 140
A92: LatMpcAccelCost | B92: 120
A93: LatMpcInputOffset | B93: 4
A94: LatMpcJerkCost | B94: 4
A95: LatMpcMotionCost | B95: 7
A96: LatMpcPathCost | B96: 200
A97: LatMpcSteeringRateCost | B97: 7
A98: LatSmoothSec | B98: 20
A99: LatSuspendAngleDeg | B99: 300
A100: LfaButtonMode | B100: 0
A101: LongActuatorDelay | B101: 20
A102: LongitudinalPersonality | B102: 1
A103: LongitudinalPersonalityMax | B103: 4
A104: LongPitch | B104: FALSE
A105: LongTuningKf | B105: 100
A106: LongTuningKiV | B106: 0
A107: LongTuningKpV | B107: 100
A108: MapTurnSpeedFactor | B108: 100
A109: MaxAngleFrames | B109: 89
A110: MaxTimeOffroadMin | B110: 60
A111: ModelTurnSpeedFactor | B111: 0
A112: MuteDoor | B112: 0
A113: MuteSeatbelt | B113: 0
A114: MyDrivingMode | B114: 3
A115: MyDrivingModeAuto | B115: 1
A116: NNFF | B116: 1
A117: NNFFLite | B117: 0
A118: OpenpilotEnabledToggle | B118: TRUE
A119: PaddleMode | B119: 3
A120: PathOffset | B120: -5
A121: RadarLatFactor | B121: 120
A122: RadarReactionFactor | B122: 95
A123: RecordRoadCam | B123: 2
A124: RouteCount | B124: 144
A125: ShareData | B125: 1
A126: ShowCustomBrightness | B126: 40
A127: ShowDateTime | B127: 1
A128: ShowDebugUI | B128: 0
A129: ShowDeviceState | B129: 1
A130: ShowLaneInfo | B130: 2
... A160: VEgoStopping | B160: 5
